profil	profilnummer	bezeichnung	tiefe	uebergang_cm	uebergang_form	art	umlagerung	ph_wert	bodenart	farbe_munsell	farbe_sonst	feinwurzeln	grobwurzeln	humus_klasse	humus_wert	skelett_wert	skelett_klasse	dichte_wert	dichte_klasse	carbonat_wert	carbonat_klasse	porositaet	gefuege1	gefuege1_anteil	gefuege2	gefuege2_anteil	fleckenzahl	fleckenart	konkretionen	artefakte	kommentar	bodenartlabor	ton	schluff	sand	sand_fein	sand_mittel	sand_grob	phmethode	fleckung	evaluate	Px01_Hu	Px02_Sk	Px03_Ld	Px03a_LdZ	Px04_FB	Px05_TM	Px06_HM	Px07_nFK	Px08_FK	Px09_LK	Px10_WSV	Px11_GPV	Px12_kf	Px13_KAKpot	Px14_KAKeff	Px15_Mb	
6	1_U	Ahb	6					3.9	sU - sandiger Schluff					stark humos (4-8%)		70.0	sehr hoch (40 bis <80%)		locker		kalkfrei bis kalkarm (<0.5%)		Einzelkorn	70																		6.0	70.0	Ld2	1.3	23.0	2.0	1.4	5.0	8.0	5.0	5.0	11.0	300.0	20.0	6.0	20.0	
6	1_U	BvCv1	46					3.8	sU - sandiger Schluff					humusfrei (0%)		70.0	sehr hoch (40 bis <80%)		sehr dicht		kalkfrei bis kalkarm (<0.5%)		Kohärentgefüge	50																		0.0	70.0	Ld5	2.0	240.0	18.0	0.0	25.0	37.0	30.0	25.0	41.0	300.0	8.0	2.0	20.0	
6	1_U	BvCv2	60					4.2	sU - sandiger Schluff					humusfrei (0%)		80.0	sehr hoch (40 bis <80%)		sehr dicht		kalkfrei bis kalkarm (<0.5%)		Kohärentgefüge	50																		0.0	80.0	Ld5	2.0	56.0	4.0	0.0	6.0	9.0	7.0	6.0	10.0	300.0	8.0	4.0	30.0	
7	2_U	Ahi	3					3.7	sL - sandiger Lehm					stark humos (4-8%)		25.0	hoch (20 bis <40%)		sehr locker		kalkfrei bis kalkarm (<0.5%)		Einzelkorn	100																		6.0	25.0	Ld1	1.0	23.0	5.0	1.4	6.0	11.0	3.0	9.0	14.0	32.0	25.0	8.0	10.0	
7	2_U	Bv1	32					3.9	sL - sandiger Lehm					humusfrei (0%)		25.0	hoch (20 bis <40%)		locker		kalkfrei bis kalkarm (<0.5%)		Kohärentgefüge	100																		0.0	25.0	Ld2	1.3	283.0	57.0	0.0	48.0	89.0	18.0	66.0	108.0	32.0	13.0	4.0	20.0	
7	2_U	Bv2	65					4.0	sL - sandiger Lehm					humusfrei (0%)		40.0	hoch (20 bis <40%)		dicht		kalkfrei bis kalkarm (<0.5%)		Kohärentgefüge	100																		0.0	40.0	Ld4	1.8	356.0	71.0	0.0	29.0	60.0	10.0	39.0	70.0	8.0	13.0	7.0	20.0	
8	3_U	Ahb1	3					4.4	sU - sandiger Schluff					mittel humos (2-4%)		2.0	gering (0 bis <10%)		mittel		kalkfrei bis kalkarm (<0.5%)		Einzelkorn	50																		3.0	2.0	Ld3	1.55	46.0	3.0	1.4	7.0	11.0	2.0	7.0	13.0	11.0	14.0	7.0	30.0	
8	3_U	Ahb2	15					4.4	sU - sandiger Schluff					mittel humos (2-4%)		5.0	gering (0 bis <10%)		mittel		kalkfrei bis kalkarm (<0.5%)		Einzelkorn	50																		3.0	5.0	Ld3	1.55	177.0	13.0	5.3	28.0	42.0	8.0	28.0	50.0	11.0	14.0	7.0	30.0	
8	3_U	BvCv1	45					4.6	sU - sandiger Schluff					schwach humos (1-2%)		70.0	sehr hoch (40 bis <80%)		mittel		kalkfrei bis kalkarm (<0.5%)		Subpolyeder	100																		1.5	70.0	Ld3	1.55	140.0	11.0	2.1	22.0	32.0	23.0	22.0	37.0	300.0	11.0	6.0	40.0	
8	3_U	BvCv2	75					4.9	uS - schluffiger Sand					humusfrei (0%)		80.0	sehr hoch (40 bis <80%)		dicht		kalkfrei bis kalkarm (<0.5%)		Subpolyeder	100																		0.0	80.0	Ld4	1.8	108.0	3.0	0.0	12.0	17.0	15.0	12.0	19.0	300.0	4.0	2.0	50.0	
8	3_U	IICu1	100					5.0	tS - toniger Sand					humusfrei (0%)		80.0	sehr hoch (40 bis <80%)		sehr dicht		kalkfrei bis kalkarm (<0.5%)		Einzelkorn	60																		0.0	80.0	Ld5	2.0	100.0	20.0	0.0	7.0	13.0	13.0	7.0	18.0	300.0	9.0	6.0	50.0	
8	3_U	IIICu2	120					5.0	S - Sand					humusfrei (0%)		2.0	gering (0 bis <10%)		locker		kalkfrei bis kalkarm (<0.5%)		Einzelkorn	100																		0.0	2.0	Ld2	1.3	255.0	6.0	0.0	31.0	45.0	37.0	31.0	82.0	196.0	3.0	2.0	50.0	
9	4_U	Arig1	20					7.3	sU - sandiger Schluff					stark humos (4-8%)		60.0	sehr hoch (40 bis <80%)		locker		stark kalkhaltig (>5%)		Krümel	80																		6.0	60.0	Ld2	1.3	104.0	8.0	6.2	24.0	37.0	9.0	24.0	47.0	300.0	20.0	20.0	95.0	
9	4_U	Arig2	40					7.4	sU - sandiger Schluff					stark humos (4-8%)		70.0	sehr hoch (40 bis <80%)		locker		stark kalkhaltig (>5%)		Krümel	70																		6.0	70.0	Ld2	1.3	78.0	6.0	4.7	18.0	28.0	15.0	18.0	35.0	300.0	20.0	20.0	95.0	
9	4_U	Cv	90					7.6	sU - sandiger Schluff					mittel humos (2-4%)		90.0	vorwiegend (über 80%)		locker		stark kalkhaltig (>5%)		Krümel	70																		3.0	90.0	Ld2	1.3	65.0	5.0	2.0	14.0	21.0	13.0	14.0	26.0	300.0	14.0	14.0	100.0	
10	5_U	Ahb1	3					6.1	U - Schluff					stark humos (4-8%)		5.0	gering (0 bis <10%)		sehr locker		kalkfrei bis kalkarm (<0.5%)		Einzelkorn	60																		6.0	5.0	Ld1	1.0	29.0	3.0	1.7	8.0	13.0	3.0	11.0	17.0	27.0	22.0	20.0	80.0	
10	5_U	Ahb2	16					5.9	sU - sandiger Schluff					stark humos (4-8%)		5.0	gering (0 bis <10%)		sehr locker		kalkfrei bis kalkarm (<0.5%)		Subpolyeder	70																		6.0	5.0	Ld1	1.0	124.0	9.0	7.4	36.0	57.0	14.0	50.0	73.0	300.0	20.0	14.0	70.0	
10	5_U	AhBv	30					5.9	sU - sandiger Schluff					mittel humos (2-4%)		35.0	hoch (20 bis <40%)		mittel		kalkfrei bis kalkarm (<0.5%)		Subpolyeder	100																		3.0	35.0	Ld3	1.55	141.0	11.0	4.2	22.0	34.0	6.0	28.0	40.0	11.0	14.0	10.0	70.0	
10	5_U	BvCv1	40					5.7	lU - lehmiger Schluff					mittel humos (2-4%)		60.0	sehr hoch (40 bis <80%)		sehr dicht		kalkfrei bis kalkarm (<0.5%)		Subpolyeder	80																		3.0	60.0	Ld5	2.0	80.0	16.0	2.4	7.0	15.0	2.0	9.0	17.0	300.0	20.0	14.0	70.0	
10	5_U	IIBvCv2	70					5.8	lU - lehmiger Schluff					mittel humos (2-4%)		70.0	sehr hoch (40 bis <80%)		sehr dicht		kalkfrei bis kalkarm (<0.5%)		Subpolyeder	100																		3.0	70.0	Ld5	2.0	180.0	36.0	5.4	17.0	33.0	23.0	40.0	38.0	300.0	20.0	14.0	70.0	
11	6_U	Ah	5					3.1	uS - schluffiger Sand					anmoorig bzw. äußerst humos (15-30%)		0.0	kein (0%)		sehr locker		kalkfrei bis kalkarm (<0.5%)		Einzelkorn	50																		22.5	0.0	Ld1	1.0	50.0	1.0	11.3	19.0	28.0	3.0	22.0	37.0	40.0	49.0	15.0	2.0	
11	6_U	Bv	20					3.4	uS - schluffiger Sand					sehr stark humos (8-15%)		0.0	kein (0%)		mittel		kalkfrei bis kalkarm (<0.5%)		Subpolyeder	50																		12.5	0.0	Ld3	1.55	233.0	6.0	29.1	40.0	60.0	11.0	51.0	56.0	20.0	29.0	9.0	5.0	
12	7_U	Ahb1	5						sU - sandiger Schluff					sehr stark humos (8-15%)		2.0	gering (0 bis <10%)		locker		kalkfrei bis kalkarm (<0.5%)		Krümel	80																		12.5	2.0	Ld2	1.3	64.0	5.0	8.0	15.0	24.0	7.0	22.0	23.0	300.0	33.0			
12	7_U	Ahb2	10						sU - sandiger Schluff					sehr stark humos (8-15%)		0.0	kein (0%)		locker		kalkfrei bis kalkarm (<0.5%)		Krümel	70																		12.5	0.0	Ld2	1.3	65.0	5.0	8.1	15.0	25.0	7.0	22.0	24.0	300.0	33.0			
12	7_U	AhBv	25						sU - sandiger Schluff					stark humos (4-8%)		40.0	hoch (20 bis <40%)		mittel		kalkfrei bis kalkarm (<0.5%)		Subpolyeder	70																		6.0	40.0	Ld3	1.55	140.0	11.0	8.4	24.0	37.0	7.0	31.0	45.0	11.0	20.0			
12	7_U	BvCv1	40						sL - sandiger Lehm					mittel humos (2-4%)		50.0	sehr hoch (40 bis <80%)		dicht		kalkfrei bis kalkarm (<0.5%)		Einzelkorn	50																		3.0	50.0	Ld4	1.8	135.0	27.0	4.1	12.0	26.0	5.0	17.0	31.0	8.0	19.0			
12	7_U	BvCv2	50						sL - sandiger Lehm					mittel humos (2-4%)		60.0	sehr hoch (40 bis <80%)		dicht		kalkfrei bis kalkarm (<0.5%)		Einzelkorn	50																		3.0	60.0	Ld4	1.8	72.0	14.0	2.2	6.0	14.0	3.0	9.0	16.0	300.0	19.0			
12	7_U	Cv1	75						lU - lehmiger Schluff					mittel humos (2-4%)		80.0	sehr hoch (40 bis <80%)		dicht		kalkfrei bis kalkarm (<0.5%)		Einzelkorn	60																		3.0	80.0	Ld4	1.8	90.0	18.0	2.7	9.0	19.0	13.0	22.0	21.0	300.0	20.0			
13	8_U	Ahb1	2						sU - sandiger Schluff					sehr stark humos (8-15%)		0.0	kein (0%)		locker		kalkfrei bis kalkarm (<0.5%)		Einzelkorn	100																		12.5	0.0	Ld2	1.3	26.0	2.0	3.3	6.0	10.0	3.0	6.0	10.0	32.0	33.0			
13	8_U	Ahb2	10						sU - sandiger Schluff					mittel humos (2-4%)		20.0	mäßig (10 bis <20%)		mittel		kalkfrei bis kalkarm (<0.5%)		Einzelkorn	50																		3.0	20.0	Ld3	1.55	99.0	7.0	3.0	16.0	24.0	4.0	16.0	28.0	11.0	14.0			
13	8_U	IIBvCv1	40						lS - lehmiger Sand					mittel humos (2-4%)		60.0	sehr hoch (40 bis <80%)		mittel		kalkfrei bis kalkarm (<0.5%)		Einzelkorn	70																		3.0	60.0	Ld3	1.55	186.0	19.0	5.6	26.0	41.0	10.0	26.0	51.0	300.0	13.0			
13	8_U	IIBvCv2	70						lS - lehmiger Sand					schwach humos (1-2%)		90.0	vorwiegend (über 80%)		mittel		kalkfrei bis kalkarm (<0.5%)		Einzelkorn	80																		1.5	90.0	Ld3	1.55	47.0	5.0	0.7	6.0	10.0	8.0	6.0	12.0	300.0	10.0			
13	8_U	IIBvCv3	90						lS - lehmiger Sand					schwach humos (1-2%)		90.0	vorwiegend (über 80%)		mittel		kalkfrei bis kalkarm (<0.5%)		Einzelkorn	100																		1.5	90.0	Ld3	1.55	31.0	3.0	0.5	4.0	6.0	5.0	4.0	8.0	300.0	10.0			
13	8_U	IIIC	110						lS - lehmiger Sand					humusfrei (0%)		90.0	vorwiegend (über 80%)		mittel		kalkfrei bis kalkarm (<0.5%)		Einzelkorn	100																		0.0	90.0	Ld3	1.55	31.0	3.0	0.0	4.0	6.0	5.0	4.0	8.0	300.0	7.0			
14	9_U	Ahb	10					6.4	sU - sandiger Schluff					sehr stark humos (8-15%)		40.0	hoch (20 bis <40%)		locker		schwach kalkhaltig (0.5 bis <1.5%)		Einzelkorn	80																		12.5	40.0	Ld2	1.3	78.0	6.0	9.8	18.0	29.0	8.0	18.0	29.0	32.0	33.0	30.0	80.0	
14	9_U	IIAhbCv	30					5.8	sU - sandiger Schluff					stark humos (4-8%)		70.0	sehr hoch (40 bis <80%)		locker		kalkfrei bis kalkarm (<0.5%)		Einzelkorn	60																		6.0	70.0	Ld2	1.3	78.0	6.0	4.7	18.0	28.0	15.0	18.0	35.0	300.0	20.0	14.0	70.0	
14	9_U	IICv1	55					5.6	sU - sandiger Schluff					humusfrei (0%)		90.0	vorwiegend (über 80%)		locker		kalkfrei bis kalkarm (<0.5%)		Subpolyeder	60																		0.0	90.0	Ld2	1.3	33.0	2.0	0.0	7.0	10.0	6.0	7.0	12.0	300.0	8.0	6.0	70.0	
14	9_U	IIICv2	75					5.2	sL - sandiger Lehm					humusfrei (0%)		90.0	vorwiegend (über 80%)		locker		kalkfrei bis kalkarm (<0.5%)		Einzelkorn	90																		0.0	90.0	Ld2	1.3	26.0	5.0	0.0	4.0	8.0	5.0	4.0	10.0	300.0	13.0	9.0	60.0	
15	10_U	Ahb	30					7.1	sU - sandiger Schluff					anmoorig bzw. äußerst humos (15-30%)		60.0	sehr hoch (40 bis <80%)		sehr locker		schwach kalkhaltig (0.5 bis <1.5%)		Krümel	80																		22.5	60.0	Ld1	1.0	120.0	9.0	27.0	44.0	67.0	7.0	44.0	88.0	300.0	53.0	53.0	95.0	
15	10_U	AhCv1	65					7.3	sU - sandiger Schluff					sehr stark humos (8-15%)		90.0	vorwiegend (über 80%)		locker		schwach kalkhaltig (0.5 bis <1.5%)		Subpolyeder	90																		12.5	90.0	Ld2	1.3	46.0	3.0	5.8	11.0	17.0	9.0	11.0	17.0	300.0	33.0	33.0	95.0	
15	10_U	AhCv2	90					7.4	sL - sandiger Lehm					mittel humos (2-4%)		90.0	vorwiegend (über 80%)		locker		stark kalkhaltig (>5%)		Subpolyeder	100																		3.0	90.0	Ld2	1.3	33.0	7.0	1.0	6.0	11.0	6.0	6.0	14.0	300.0	19.0	19.0	95.0	
16	11_U	Ahb1	3					6.2	U - Schluff					sehr stark humos (8-15%)		5.0	gering (0 bis <10%)		locker		kalkfrei bis kalkarm (<0.5%)		Krümel	50																		12.5	5.0	Ld2	1.3	37.0	4.0	4.6	9.0	14.0	4.0	9.0	14.0	300.0	35.0	32.0	80.0	
16	11_U	Ahb2	20					6.8	lU - lehmiger Schluff					sehr stark humos (8-15%)		20.0	mäßig (10 bis <20%)		locker		kalkfrei bis kalkarm (<0.5%)		Einzelkorn	50																		12.5	20.0	Ld2	1.3	177.0	35.0	22.1	39.0	75.0	18.0	39.0	67.0	29.0	39.0	35.0	90.0	
16	11_U	BvCv	35					7.2	lU - lehmiger Schluff					humusfrei (0%)		75.0	sehr hoch (40 bis <80%)		mittel		mäßig kalkhaltig (1.5 bis 5%)		Subpolyeder	100																		0.0	75.0	Ld3	1.55	58.0	12.0	0.0	7.0	14.0	9.0	7.0	16.0	300.0	14.0	14.0	95.0	
16	11_U	(II)Cv	50					7.2	lU - lehmiger Schluff					stark humos (4-8%)		80.0	sehr hoch (40 bis <80%)		mittel		stark kalkhaltig (>5%)		Subpolyeder	100																		6.0	80.0	Ld3	1.55	47.0	9.0	2.8	7.0	14.0	8.0	7.0	17.0	300.0	26.0	26.0	95.0	
17	12_U	Ahb1	18					7.3	U - Schluff					sehr stark humos (8-15%)		2.0	gering (0 bis <10%)		sehr locker		stark kalkhaltig (>5%)		Einzelkorn	50																		12.5	2.0	Ld1	1.0	176.0	18.0	22.0	54.0	86.0	25.0	54.0	84.0	27.0	35.0	35.0	95.0	
17	12_U	Ahb2	52					7.4	U - Schluff					stark humos (4-8%)		2.0	gering (0 bis <10%)		sehr locker		stark kalkhaltig (>5%)		Einzelkorn	70																		6.0	2.0	Ld1	1.0	333.0	33.0	20.0	98.0	155.0	37.0	98.0	197.0	27.0	22.0	22.0	95.0	
17	12_U	IICu	95					7.5	uL - schluffiger Lehm					humusfrei (0%)		90.0	vorwiegend (über 80%)		locker		stark kalkhaltig (>5%)		Kohärentgefüge	100																		0.0	90.0	Ld2	1.3	56.0	17.0	0.0	9.0	20.0	11.0	9.0	23.0	300.0	18.0	18.0	100.0	
18	13_U	Ah	6					4.2	sU - sandiger Schluff					humusfrei (0%)		0.0	kein (0%)		sehr locker		kalkfrei bis kalkarm (<0.5%)		Einzelkorn	60																		0.0	0.0	Ld1	1.0	60.0	5.0	0.0	16.0	23.0	5.0	16.0	29.0	32.0	8.0	4.0	30.0	
18	13_U	AhCv	22					3.9	sU - sandiger Schluff					stark humos (4-8%)		5.0	gering (0 bis <10%)		mittel		kalkfrei bis kalkarm (<0.5%)		Subpolyeder	60																		6.0	5.0	Ld3	1.55	236.0	18.0	14.2	41.0	62.0	12.0	41.0	77.0	11.0	20.0	6.0	20.0	
18	13_U	Cv	33					4.1	sU - sandiger Schluff					stark humos (4-8%)		90.0	vorwiegend (über 80%)		dicht		kalkfrei bis kalkarm (<0.5%)		Einzelkorn	60																		6.0	90.0	Ld4	1.8	20.0	2.0	1.2	3.0	4.0	3.0	3.0	5.0	300.0	20.0	10.0	20.0	
18	13_U	C	55					4.1	sU - sandiger Schluff					humusfrei (0%)		100.0	vorwiegend (über 80%)		dicht		kalkfrei bis kalkarm (<0.5%)		Einzelkorn	100																		0.0	100.0	Ld4	1.8	0.0	0.0	0.0	0.0	0.0	0.0	0.0	0.0	300.0	8.0	4.0	20.0	
19	14_U	Ah	5					3.9	sU - sandiger Schluff					anmoorig bzw. äußerst humos (15-30%)		0.0	kein (0%)		sehr locker		kalkfrei bis kalkarm (<0.5%)		Einzelkorn	70																		22.5	0.0	Ld1	1.0	50.0	4.0	11.3	19.0	28.0	3.0	19.0	37.0	32.0	53.0	16.0	20.0	
19	14_U	Bv1	20					4.1	sU - sandiger Schluff					stark humos (4-8%)		2.0	gering (0 bis <10%)		sehr locker		kalkfrei bis kalkarm (<0.5%)		Einzelkorn	50																		6.0	2.0	Ld1	1.0	147.0	11.0	8.8	43.0	68.0	16.0	43.0	87.0	32.0	20.0	10.0	20.0	
19	14_U	Bv2	40					4.1	sU - sandiger Schluff					mittel humos (2-4%)		2.0	gering (0 bis <10%)		sehr locker		kalkfrei bis kalkarm (<0.5%)		Subpolyeder	100																		3.0	2.0	Ld1	1.0	196.0	15.0	5.9	53.0	83.0	20.0	53.0	103.0	300.0	14.0	7.0	20.0	
19	14_U	Bv3	55					4.1	sU - sandiger Schluff					schwach humos (1-2%)		25.0	hoch (20 bis <40%)		locker		kalkfrei bis kalkarm (<0.5%)		Subpolyeder	100																		1.5	25.0	Ld2	1.3	146.0	11.0	2.2	30.0	46.0	10.0	30.0	56.0	300.0	11.0	6.0	20.0	
19	14_U	(II)BvCv	80					4.0	lS - lehmiger Sand					schwach humos (1-2%)		80.0	sehr hoch (40 bis <80%)		mittel		kalkfrei bis kalkarm (<0.5%)		Subpolyeder	95																		1.5	80.0	Ld3	1.55	78.0	8.0	1.2	11.0	16.0	13.0	11.0	20.0	300.0	10.0	5.0	20.0	
20	16_U	Ahe	10					3.8	uS - schluffiger Sand					stark humos (4-8%)		2.0	gering (0 bis <10%)		locker		kalkfrei bis kalkarm (<0.5%)		Einzelkorn	80																		6.0	2.0	Ld2	1.3	127.0	3.0	7.6	28.0	43.0	8.0	28.0	51.0	40.0	16.0	5.0	20.0	
20	16_U	Bv1	30					3.6	uS - schluffiger Sand					stark humos (4-8%)		2.0	gering (0 bis <10%)		locker		kalkfrei bis kalkarm (<0.5%)		Kohärentgefüge	100																		6.0	2.0	Ld2	1.3	255.0	6.0	15.3	57.0	85.0	17.0	57.0	102.0	40.0	16.0	5.0	10.0	
20	16_U	Bv2	50					3.8	lS - lehmiger Sand					schwach humos (1-2%)		5.0	gering (0 bis <10%)		locker		kalkfrei bis kalkarm (<0.5%)		Kohärentgefüge	100																		1.5	5.0	Ld2	1.3	247.0	25.0	3.7	48.0	70.0	19.0	48.0	89.0	45.0	10.0	3.0	20.0	
20	16_U	(II)BvCv1	75					4.0	uS - schluffiger Sand					mittel humos (2-4%)		10.0	gering (0 bis <10%)		locker		kalkfrei bis kalkarm (<0.5%)		Kohärentgefüge	100																		3.0	10.0	Ld2	1.3	293.0	7.0	8.8	61.0	89.0	19.0	61.0	108.0	40.0	10.0	5.0	20.0	
20	16_U	IIIBvCv2	100					3.8	lS - lehmiger Sand					schwach humos (1-2%)		2.0	gering (0 bis <10%)		dicht		kalkfrei bis kalkarm (<0.5%)		Kohärentgefüge	100																		1.5	2.0	Ld4	1.8	441.0	44.0	6.6	45.0	71.0	12.0	45.0	83.0	11.0	10.0	3.0	20.0	
21	18_U	Ahb	20					7.1	uS - schluffiger Sand					sehr stark humos (8-15%)		70.0	sehr hoch (40 bis <80%)		locker		stark kalkhaltig (>5%)		Einzelkorn	100																		12.5	70.0	Ld2	1.3	78.0	2.0	9.8	18.0	28.0	15.0	18.0	27.0	300.0	29.0	29.0	95.0	
21	18_U	Cv1	40					7.4	uS - schluffiger Sand					humusfrei (0%)		80.0	sehr hoch (40 bis <80%)		locker		stark kalkhaltig (>5%)		Einzelkorn	100																		0.0	80.0	Ld2	1.3	52.0	1.0	0.0	10.0	14.0	10.0	10.0	18.0	300.0	4.0	4.0	95.0	
21	18_U	Cv2	50					7.5	uS - schluffiger Sand					humusfrei (0%)		90.0	vorwiegend (über 80%)		locker		stark kalkhaltig (>5%)		Einzelkorn	100																		0.0	90.0	Ld2	1.3	13.0	0.0	0.0	3.0	4.0	3.0	3.0	5.0	300.0	4.0	4.0	100.0	
21	18_U	Cu	55					7.5	uS - schluffiger Sand					humusfrei (0%)		90.0	vorwiegend (über 80%)		locker		stark kalkhaltig (>5%)		Einzelkorn	100																		0.0	90.0	Ld2	1.3	7.0	0.0	0.0	1.0	2.0	1.0	1.0	2.0	300.0	4.0	4.0	100.0	
22	19_U	Ahb	13					6.8	sU - sandiger Schluff					anmoorig bzw. äußerst humos (15-30%)		50.0	sehr hoch (40 bis <80%)		sehr locker		kalkfrei bis kalkarm (<0.5%)		Einzelkorn	50																		22.5	50.0	Ld1	1.0	65.0	5.0	14.6	24.0	36.0	4.0	24.0	47.0	32.0	53.0	48.0	90.0	
22	19_U	AB	45					7.1	sL - sandiger Lehm					stark humos (4-8%)		70.0	sehr hoch (40 bis <80%)		locker		kalkfrei bis kalkarm (<0.5%)		Subpolyeder	60																		6.0	70.0	Ld2	1.3	125.0	25.0	7.5	25.0	49.0	24.0	25.0	60.0	300.0	25.0	25.0	95.0	
22	19_U	Cv1	70					7.4	sL - sandiger Lehm					humusfrei (0%)		80.0	sehr hoch (40 bis <80%)		locker		stark kalkhaltig (>5%)		Subpolyeder	60																		0.0	80.0	Ld2	1.3	65.0	13.0	0.0	11.0	21.0	13.0	11.0	25.0	300.0	13.0	13.0	95.0	
22	19_U	Cv2	80					7.5	sL - sandiger Lehm					humusfrei (0%)		90.0	vorwiegend (über 80%)		locker		stark kalkhaltig (>5%)		Einzelkorn	90																		0.0	90.0	Ld2	1.3	13.0	3.0	0.0	2.0	4.0	3.0	2.0	5.0	300.0	13.0	13.0	100.0	
23	20_U	Ahb	4					6.3	sU - sandiger Schluff					stark humos (4-8%)		0.0	kein (0%)		mittel		kalkfrei bis kalkarm (<0.5%)		Einzelkorn	50																		6.0	0.0	Ld3	1.55	62.0	5.0	3.7	11.0	16.0	3.0	11.0	20.0	11.0	20.0	18.0	80.0	
23	20_U	Bv	30					6.6	sU - sandiger Schluff					mittel humos (2-4%)		5.0	gering (0 bis <10%)		sehr dicht		kalkfrei bis kalkarm (<0.5%)		Subpolyeder	60																		3.0	5.0	Ld5	2.0	494.0	37.0	14.8	54.0	85.0	11.0	54.0	96.0	4.0	14.0	13.0	90.0	
23	20_U	IIBvCv	50					7.1	sL - sandiger Lehm					mittel humos (2-4%)		40.0	hoch (20 bis <40%)		sehr dicht		schwach kalkhaltig (0.5 bis <1.5%)		Subpolyeder	70																		3.0	40.0	Ld5	2.0	240.0	48.0	7.2	19.0	41.0	8.0	19.0	49.0	8.0	19.0	19.0	95.0	
23	20_U	IICv	65					7.5	lS - lehmiger Sand					humusfrei (0%)		90.0	vorwiegend (über 80%)		dicht		stark kalkhaltig (>5%)		Einzelkorn	60																		0.0	90.0	Ld4	1.8	27.0	3.0	0.0	3.0	4.0	4.0	3.0	5.0	300.0	7.0	7.0	100.0	
23	20_U	IIICu1	85					7.6	uS - schluffiger Sand					humusfrei (0%)		0.0	kein (0%)		locker		stark kalkhaltig (>5%)		Einzelkorn	70																		0.0	0.0	Ld2	1.3	260.0	7.0	0.0	52.0	72.0	19.0	52.0	91.0	40.0	4.0	4.0	100.0	
23	20_U	IVCu2	95					7.7	sU - sandiger Schluff					humusfrei (0%)		0.0	kein (0%)		dicht		stark kalkhaltig (>5%)		Einzelkorn	70																		0.0	0.0	Ld4	1.8	180.0	14.0	0.0	21.0	31.0	3.0	21.0	34.0	4.0	8.0	8.0	100.0	
24	21_U	Ahe	2					3.8	sU - sandiger Schluff					anmoorig bzw. äußerst humos (15-30%)		0.0	kein (0%)		locker		kalkfrei bis kalkarm (<0.5%)		Einzelkorn	80																		22.5	0.0	Ld2	1.3	26.0	2.0	5.9	7.0	11.0	1.0	8.0	15.0	32.0	53.0	16.0	20.0	
24	21_U	Bv1	10					3.8	sU - sandiger Schluff					stark humos (4-8%)		0.0	kein (0%)		mittel		kalkfrei bis kalkarm (<0.5%)		Subpolyeder	60																		6.0	0.0	Ld3	1.55	124.0	9.0	7.4	22.0	33.0	6.0	28.0	40.0	11.0	20.0	6.0	20.0	
24	21_U	Bv2	30					3.8	sU - sandiger Schluff					humusfrei (0%)		5.0	gering (0 bis <10%)		sehr dicht		kalkfrei bis kalkarm (<0.5%)		Subpolyeder	60																		0.0	5.0	Ld5	2.0	380.0	29.0	0.0	40.0	59.0	6.0	46.0	65.0	4.0	8.0	2.0	20.0	
24	21_U	(II)BvCv1	60					3.8	sU - sandiger Schluff					humusfrei (0%)		65.0	sehr hoch (40 bis <80%)		sehr dicht		kalkfrei bis kalkarm (<0.5%)		Einzelkorn	70																		0.0	65.0	Ld5	2.0	210.0	16.0	0.0	22.0	33.0	26.0	48.0	36.0	300.0	8.0	2.0	20.0	
24	21_U	(II)BvCv2	85					3.8	sU - sandiger Schluff					humusfrei (0%)		80.0	sehr hoch (40 bis <80%)		sehr dicht		kalkfrei bis kalkarm (<0.5%)		Einzelkorn	80																		0.0	80.0	Ld5	2.0	100.0	8.0	0.0	11.0	16.0	13.0	24.0	17.0	300.0	8.0	2.0	20.0	
24	21_U	IIICu	95					3.8	uS - schluffiger Sand					humusfrei (0%)		50.0	sehr hoch (40 bis <80%)		sehr dicht		kalkfrei bis kalkarm (<0.5%)		Einzelkorn	90																		0.0	50.0	Ld5	2.0	100.0	3.0	0.0	10.0	14.0	2.0	12.0	16.0	13.0	4.0	1.0	20.0	
25	22_U	Ahb	5					3.7	U - Schluff					sehr stark humos (8-15%)		2.0	gering (0 bis <10%)		sehr locker		kalkfrei bis kalkarm (<0.5%)		Einzelkorn	80																		12.5	2.0	Ld1	1.0	49.0	5.0	6.1	15.0	24.0	7.0	15.0	23.0	27.0	35.0	11.0	10.0	
25	22_U	AhCv	15					3.8	U - Schluff					sehr stark humos (8-15%)		70.0	sehr hoch (40 bis <80%)		locker		kalkfrei bis kalkarm (<0.5%)		Einzelkorn	80																		12.5	70.0	Ld2	1.3	39.0	4.0	4.9	9.0	15.0	8.0	9.0	14.0	300.0	35.0	11.0	20.0	
25	22_U	(II)Cv	35					3.8	U - Schluff					humusfrei (0%)		90.0	vorwiegend (über 80%)		locker		kalkfrei bis kalkarm (<0.5%)		Einzelkorn	90																		0.0	90.0	Ld2	1.3	26.0	3.0	0.0	5.0	8.0	5.0	5.0	10.0	300.0	10.0	3.0	20.0	
26	23_U	Ahe	10					4.3	sU - sandiger Schluff					sehr stark humos (8-15%)		0.0	kein (0%)		sehr locker		kalkfrei bis kalkarm (<0.5%)		Einzelkorn	100																		12.5	0.0	Ld1	1.0	100.0	8.0	12.5	31.0	49.0	14.0	45.0	48.0	32.0	33.0	17.0	30.0	
26	23_U	Bv1	35					3.9	sU - sandiger Schluff					mittel humos (2-4%)		2.0	gering (0 bis <10%)		dicht		kalkfrei bis kalkarm (<0.5%)		Kohärentgefüge	100																		3.0	2.0	Ld4	1.8	441.0	33.0	13.2	54.0	85.0	11.0	65.0	96.0	4.0	14.0	4.0	20.0	
26	23_U	Bv2	60					3.9	sL - sandiger Lehm					mittel humos (2-4%)		2.0	gering (0 bis <10%)		sehr dicht		kalkfrei bis kalkarm (<0.5%)		Kohärentgefüge	100																		3.0	2.0	Ld5	2.0	490.0	98.0	14.7	39.0	85.0	16.0	55.0	100.0	8.0	19.0	6.0	20.0	
26	23_U	IICu1	75					4.0	lS - lehmiger Sand					humusfrei (0%)		35.0	hoch (20 bis <40%)		locker		kalkfrei bis kalkarm (<0.5%)		Einzelkorn	100																		0.0	35.0	Ld2	1.3	127.0	13.0	0.0	24.0	35.0	10.0	34.0	44.0	45.0	7.0	4.0	20.0	
26	23_U	IIICu2	80					4.2	S - Sand					humusfrei (0%)		95.0	vorwiegend (über 80%)		locker		kalkfrei bis kalkarm (<0.5%)		Einzelkorn	100																		0.0	95.0	Ld2	1.3	3.0	0.0	0.0	0.0	1.0	1.0	1.0	1.0	300.0	3.0	2.0	30.0	
27	24_U	Ah	8					4.1	sL - sandiger Lehm					sehr stark humos (8-15%)		0.0	kein (0%)		sehr locker		kalkfrei bis kalkarm (<0.5%)		Krümel	100																		12.5	0.0	Ld1	1.0	80.0	16.0	10.0	23.0	44.0	11.0	34.0	40.0	300.0	38.0	19.0	20.0	
27	24_U	P	35					4.2	uL - schluffiger Lehm					mittel humos (2-4%)		0.0	kein (0%)		mittel		kalkfrei bis kalkarm (<0.5%)		Kohärentgefüge	100																		3.0	0.0	Ld3	1.55	419.0	126.0	12.6	47.0	115.0	19.0	66.0	134.0	19.0	24.0	12.0	30.0	
27	24_U	BvCv1	55					4.0	uL - schluffiger Lehm					mittel humos (2-4%)		0.0	kein (0%)		dicht		kalkfrei bis kalkarm (<0.5%)		Kohärentgefüge	100																		3.0	0.0	Ld4	1.8	360.0	108.0	10.8	28.0	76.0	11.0	39.0	87.0	7.0	24.0	12.0	20.0	
27	24_U	BvCv2	100					4.5	uL - schluffiger Lehm					schwach humos (1-2%)		0.0	kein (0%)		sehr dicht		kalkfrei bis kalkarm (<0.5%)		Kohärentgefüge	100																		1.5	0.0	Ld5	2.0	900.0	270.0	13.5	58.0	164.0	20.0	78.0	185.0	7.0	21.0	11.0	40.0	
28	25_U	Ahe	2					3.8	U - Schluff					stark humos (4-8%)		0.0	kein (0%)		sehr locker		kalkfrei bis kalkarm (<0.5%)		Einzelkorn	100																		6.0	0.0	Ld1	1.0	20.0	2.0	1.2	6.0	9.0	2.0	8.0	12.0	27.0	22.0	7.0	20.0	
28	25_U	Bv	35					3.8	U - Schluff					stark humos (4-8%)		20.0	mäßig (10 bis <20%)		dicht		kalkfrei bis kalkarm (<0.5%)		Einzelkorn	70																		6.0	20.0	Ld4	1.8	475.0	48.0	28.5	69.0	108.0	12.0	81.0	124.0	4.0	22.0	7.0	20.0	
28	25_U	BvCv	65					3.9	U - Schluff					humusfrei (0%)		70.0	sehr hoch (40 bis <80%)		sehr dicht		kalkfrei bis kalkarm (<0.5%)		Einzelkorn	80																		0.0	70.0	Ld5	2.0	180.0	18.0	0.0	20.0	30.0	23.0	43.0	32.0	300.0	10.0	3.0	20.0	
29	26_U	Ahb1	1					3.9	sU - sandiger Schluff					stark humos (4-8%)		0.0	kein (0%)		sehr locker		kalkfrei bis kalkarm (<0.5%)		Einzelkorn	100																		6.0	0.0	Ld1	1.0	10.0	1.0	0.6	3.0	5.0	1.0	3.0	6.0	32.0	20.0	6.0	20.0	
29	26_U	Ahb2	12					3.9	sU - sandiger Schluff					stark humos (4-8%)		10.0	gering (0 bis <10%)		locker		kalkfrei bis kalkarm (<0.5%)		Einzelkorn	70																		6.0	10.0	Ld2	1.3	129.0	10.0	7.7	29.0	46.0	11.0	29.0	58.0	32.0	20.0	6.0	20.0	
29	26_U	Bv1	30					3.9	sU - sandiger Schluff					mittel humos (2-4%)		20.0	mäßig (10 bis <20%)		sehr dicht		kalkfrei bis kalkarm (<0.5%)		Subpolyeder	80																		3.0	20.0	Ld5	2.0	288.0	22.0	8.6	32.0	50.0	6.0	32.0	56.0	4.0	14.0	4.0	20.0	
29	26_U	Bv2	50					4.0	sU - sandiger Schluff					humusfrei (0%)		60.0	sehr hoch (40 bis <80%)		sehr dicht		kalkfrei bis kalkarm (<0.5%)		Subpolyeder	70																		0.0	60.0	Ld5	2.0	160.0	12.0	0.0	17.0	25.0	2.0	17.0	27.0	300.0	8.0	4.0	20.0	
30	27_U	Ahb1	18					7.1	sU - sandiger Schluff					anmoorig bzw. äußerst humos (15-30%)		10.0	gering (0 bis <10%)		mittel		mäßig kalkhaltig (1.5 bis 5%)		Krümel	100																		22.5	10.0	Ld3	1.55	251.0	19.0	56.5	60.0	91.0	10.0	60.0	118.0	11.0	53.0	53.0	95.0	
30	27_U	Ahb2	35					7.4	sL - sandiger Lehm					anmoorig bzw. äußerst humos (15-30%)		40.0	hoch (20 bis <40%)		sehr dicht		stark kalkhaltig (>5%)		Subpolyeder	100																		22.5	40.0	Ld5	2.0	204.0	41.0	45.9	38.0	57.0	6.0	38.0	74.0	8.0	58.0	58.0	95.0	
30	27_U	AC	55					7.5	sL - sandiger Lehm					stark humos (4-8%)		40.0	hoch (20 bis <40%)		sehr dicht		stark kalkhaltig (>5%)		Subpolyeder	100																		6.0	40.0	Ld5	2.0	240.0	48.0	14.4	22.0	49.0	10.0	22.0	58.0	8.0	25.0	25.0	100.0	
30	27_U	(II)Cv1	75					7.5	sL - sandiger Lehm					humusfrei (0%)		70.0	sehr hoch (40 bis <80%)		sehr dicht		stark kalkhaltig (>5%)		Subpolyeder	100																		0.0	70.0	Ld5	2.0	120.0	24.0	0.0	9.0	18.0	15.0	9.0	21.0	300.0	13.0	13.0	100.0	
30	27_U	(II)Cv2	95					7.5	sL - sandiger Lehm					humusfrei (0%)		60.0	sehr hoch (40 bis <80%)		sehr dicht		stark kalkhaltig (>5%)		Subpolyeder	100																		0.0	60.0	Ld5	2.0	160.0	32.0	0.0	12.0	24.0	4.0	12.0	28.0	300.0	13.0	13.0	100.0	
31	28_U	Ahi	2					4.6	sU - sandiger Schluff					anmoorig bzw. äußerst humos (15-30%)		0.0	kein (0%)		sehr locker		kalkfrei bis kalkarm (<0.5%)		Einzelkorn	80																		22.5	0.0	Ld1	1.0	20.0	2.0	4.5	7.0	11.0	1.0	7.0	15.0	32.0	53.0	27.0	40.0	
31	28_U	Bv1	18					4.3	sU - sandiger Schluff					stark humos (4-8%)		40.0	hoch (20 bis <40%)		sehr dicht		kalkfrei bis kalkarm (<0.5%)		Einzelkorn	50																		6.0	40.0	Ld5	2.0	192.0	14.0	11.5	24.0	37.0	5.0	24.0	44.0	4.0	20.0	10.0	30.0	
31	28_U	Bv2	28					4.5	sU - sandiger Schluff					mittel humos (2-4%)		40.0	hoch (20 bis <40%)		sehr dicht		kalkfrei bis kalkarm (<0.5%)		Einzelkorn	50																		3.0	40.0	Ld5	2.0	120.0	9.0	3.6	13.0	21.0	3.0	13.0	23.0	4.0	14.0	7.0	40.0	
31	28_U	IIBvCv	40					5.5	sL - sandiger Lehm					stark humos (4-8%)		70.0	sehr hoch (40 bis <80%)		sehr dicht		kalkfrei bis kalkarm (<0.5%)		Einzelkorn	50																		6.0	70.0	Ld5	2.0	72.0	14.0	4.3	7.0	15.0	9.0	7.0	17.0	300.0	25.0	18.0	70.0	
31	28_U	IICv	50					6.7	sL - sandiger Lehm					stark humos (4-8%)		90.0	vorwiegend (über 80%)		sehr dicht		mäßig kalkhaltig (1.5 bis 5%)		Einzelkorn	50																		6.0	90.0	Ld5	2.0	20.0	4.0	1.2	2.0	4.0	3.0	2.0	5.0	300.0	25.0	23.0	90.0	
32	29_U	Ahb	5					4.9	sU - sandiger Schluff					sehr stark humos (8-15%)		0.0	kein (0%)		sehr locker		kalkfrei bis kalkarm (<0.5%)		Einzelkorn	100																		12.5	0.0	Ld1	1.0	50.0	4.0	6.3	15.0	25.0	7.0	15.0	24.0	32.0	33.0	17.0	50.0	
32	29_U	Bv1	25					4.0	sU - sandiger Schluff					mittel humos (2-4%)		40.0	hoch (20 bis <40%)		locker		kalkfrei bis kalkarm (<0.5%)		Subpolyeder	80																		3.0	40.0	Ld2	1.3	156.0	12.0	4.7	32.0	51.0	12.0	32.0	63.0	300.0	14.0	7.0	20.0	
32	29_U	Bv2	55					3.9	sU - sandiger Schluff					humusfrei (0%)		50.0	sehr hoch (40 bis <80%)		mittel		kalkfrei bis kalkarm (<0.5%)		Subpolyeder	100																		0.0	50.0	Ld3	1.55	233.0	17.0	0.0	35.0	50.0	8.0	35.0	58.0	11.0	8.0	2.0	20.0	
32	29_U	IIBvCv1	80					3.9	sU - sandiger Schluff					humusfrei (0%)		90.0	vorwiegend (über 80%)		mittel		kalkfrei bis kalkarm (<0.5%)		Subpolyeder	100																		0.0	90.0	Ld3	1.55	39.0	3.0	0.0	6.0	8.0	6.0	6.0	10.0	300.0	8.0	2.0	20.0	
32	29_U	IIBvCv2	90					4.1	sU - sandiger Schluff					humusfrei (0%)		90.0	vorwiegend (über 80%)		mittel		kalkfrei bis kalkarm (<0.5%)		Subpolyeder	100																		0.0	90.0	Ld3	1.55	16.0	1.0	0.0	2.0	3.0	3.0	2.0	4.0	300.0	8.0	4.0	20.0	
33	30_U	Ahe	5					3.7	sU - sandiger Schluff					sehr stark humos (8-15%)		5.0	gering (0 bis <10%)		sehr locker		kalkfrei bis kalkarm (<0.5%)		Einzelkorn	90																		12.5	5.0	Ld1	1.0	48.0	4.0	6.0	14.0	23.0	7.0	14.0	23.0	32.0	33.0	10.0	10.0	
33	30_U	Bv1	20					3.9	sU - sandiger Schluff					humusfrei (0%)		30.0	hoch (20 bis <40%)		locker		kalkfrei bis kalkarm (<0.5%)		Einzelkorn	60																		0.0	30.0	Ld2	1.3	137.0	10.0	0.0	27.0	41.0	9.0	27.0	50.0	32.0	8.0	2.0	20.0	
33	30_U	BvCv1	45					4.0	sU - sandiger Schluff					humusfrei (0%)		80.0	sehr hoch (40 bis <80%)		locker		kalkfrei bis kalkarm (<0.5%)		Einzelkorn	60																		0.0	80.0	Ld2	1.3	65.0	5.0	0.0	13.0	20.0	13.0	13.0	24.0	300.0	8.0	4.0	20.0	
33	30_U	IIBvCv2	65					4.2	sU - sandiger Schluff					humusfrei (0%)		80.0	sehr hoch (40 bis <80%)		locker		kalkfrei bis kalkarm (<0.5%)		Einzelkorn	80																		0.0	80.0	Ld2	1.3	52.0	4.0	0.0	10.0	16.0	10.0	10.0	19.0	300.0	8.0	4.0	30.0	
33	30_U	IIBvCv3	95					4.0	sU - sandiger Schluff					humusfrei (0%)		70.0	sehr hoch (40 bis <80%)		mittel		kalkfrei bis kalkarm (<0.5%)		Einzelkorn	70																		0.0	70.0	Ld3	1.55	140.0	11.0	0.0	21.0	30.0	23.0	21.0	35.0	300.0	8.0	4.0	20.0	
34	31_U	Ah	5					3.7	sU - sandiger Schluff					stark humos (4-8%)		2.0	gering (0 bis <10%)		locker		kalkfrei bis kalkarm (<0.5%)		Einzelkorn	90																		6.0	2.0	Ld2	1.3	64.0	5.0	3.8	14.0	23.0	5.0	19.0	29.0	32.0	20.0	6.0	10.0	
34	31_U	BvCv1	25					4.0	sU - sandiger Schluff					mittel humos (2-4%)		80.0	sehr hoch (40 bis <80%)		mittel		kalkfrei bis kalkarm (<0.5%)		Einzelkorn	90																		3.0	80.0	Ld3	1.55	62.0	5.0	1.9	10.0	15.0	10.0	20.0	18.0	300.0	14.0	7.0	20.0	
34	31_U	BvCv2	52					4.1	sU - sandiger Schluff					humusfrei (0%)		80.0	sehr hoch (40 bis <80%)		locker		kalkfrei bis kalkarm (<0.5%)		Einzelkorn	80																		0.0	80.0	Ld2	1.3	70.0	5.0	0.0	14.0	21.0	14.0	28.0	26.0	300.0	8.0	4.0	20.0	
34	31_U	BvCv3	72					4.0	uS - schluffiger Sand					humusfrei (0%)		2.0	gering (0 bis <10%)		locker		kalkfrei bis kalkarm (<0.5%)		Einzelkorn	90																		0.0	2.0	Ld2	1.3	255.0	6.0	0.0	51.0	71.0	19.0	70.0	89.0	40.0	4.0	2.0	20.0	
35	32_U	Ahb1	5					6.4	sU - sandiger Schluff					sehr stark humos (8-15%)		2.0	gering (0 bis <10%)		sehr locker		kalkfrei bis kalkarm (<0.5%)		Einzelkorn	80																		12.5	2.0	Ld1	1.0	49.0	4.0	6.1	15.0	24.0	7.0	15.0	23.0	32.0	33.0	30.0	80.0	
35	32_U	Ahb2	15					4.7	sU - sandiger Schluff					stark humos (4-8%)		10.0	gering (0 bis <10%)		locker		kalkfrei bis kalkarm (<0.5%)		Einzelkorn	80																		6.0	10.0	Ld2	1.3	117.0	9.0	7.0	27.0	42.0	10.0	27.0	53.0	32.0	20.0	10.0	40.0	
35	32_U	BvCv1	22					6.1	sU - sandiger Schluff					stark humos (4-8%)		60.0	sehr hoch (40 bis <80%)		mittel		kalkfrei bis kalkarm (<0.5%)		Einzelkorn	60																		6.0	60.0	Ld3	1.55	43.0	3.0	2.6	8.0	11.0	2.0	8.0	14.0	300.0	20.0	18.0	80.0	
35	32_U	IIBvCv2	45					6.3	sU - sandiger Schluff					humusfrei (0%)		80.0	sehr hoch (40 bis <80%)		dicht		kalkfrei bis kalkarm (<0.5%)		Einzelkorn	60																		0.0	80.0	Ld4	1.8	83.0	6.0	0.0	10.0	14.0	12.0	10.0	16.0	300.0	8.0	7.0	80.0	
35	32_U	IICv1	75					6.3	uS - schluffiger Sand					humusfrei (0%)		80.0	sehr hoch (40 bis <80%)		dicht		kalkfrei bis kalkarm (<0.5%)		Einzelkorn	80																		0.0	80.0	Ld4	1.8	108.0	3.0	0.0	12.0	17.0	15.0	12.0	19.0	300.0	4.0	4.0	80.0	
36	33_U	Ahb1	2					3.7	sU - sandiger Schluff					sehr stark humos (8-15%)		2.0	gering (0 bis <10%)		sehr locker		kalkfrei bis kalkarm (<0.5%)		Einzelkorn	80																		12.5	2.0	Ld1	1.0	20.0	2.0	2.5	6.0	10.0	3.0	6.0	9.0	32.0	33.0	10.0	10.0	
36	33_U	Ahb2	15					3.7	sU - sandiger Schluff					stark humos (4-8%)		10.0	gering (0 bis <10%)		sehr locker		kalkfrei bis kalkarm (<0.5%)		Einzelkorn	80																		6.0	10.0	Ld1	1.0	117.0	9.0	7.0	35.0	54.0	13.0	35.0	69.0	32.0	20.0	6.0	10.0	
36	33_U	(II)BvCv	25					3.7	sU - sandiger Schluff					humusfrei (0%)		50.0	sehr hoch (40 bis <80%)		locker		kalkfrei bis kalkarm (<0.5%)		Subpolyeder	70																		0.0	50.0	Ld2	1.3	65.0	5.0	0.0	13.0	20.0	4.0	13.0	24.0	300.0	8.0	2.0	10.0	
36	33_U	(II)Cv	45					3.9	sU - sandiger Schluff					humusfrei (0%)		90.0	vorwiegend (über 80%)		locker		kalkfrei bis kalkarm (<0.5%)		Einzelkorn	95																		0.0	90.0	Ld2	1.3	26.0	2.0	0.0	5.0	8.0	5.0	5.0	10.0	300.0	8.0	2.0	20.0	
37	34_U	Ahe	5					4.7	uS - schluffiger Sand					anmoorig bzw. äußerst humos (15-30%)		0.0	kein (0%)		sehr locker		kalkfrei bis kalkarm (<0.5%)		Einzelkorn	70																		22.5	0.0	Ld1	1.0	50.0	1.0	11.3	19.0	28.0	3.0	19.0	37.0	40.0	49.0	25.0	40.0	
37	34_U	Bv1	25					4.0	sU - sandiger Schluff					mittel humos (2-4%)		0.0	kein (0%)		sehr locker		kalkfrei bis kalkarm (<0.5%)		Einzelkorn	70																		3.0	0.0	Ld1	1.0	200.0	15.0	6.0	54.0	85.0	20.0	54.0	105.0	32.0	14.0	7.0	20.0	
37	34_U	Bv2	45					4.0	sU - sandiger Schluff					mittel humos (2-4%)		10.0	gering (0 bis <10%)		locker		kalkfrei bis kalkarm (<0.5%)		Kohärentgefüge	100																		3.0	10.0	Ld2	1.3	234.0	18.0	7.0	49.0	77.0	18.0	49.0	94.0	32.0	14.0	7.0	20.0	
37	34_U	Bv3	65					4.0	sU - sandiger Schluff					schwach humos (1-2%)		0.0	kein (0%)		dicht		kalkfrei bis kalkarm (<0.5%)		Kohärentgefüge	100																		1.5	0.0	Ld4	1.8	360.0	27.0	5.4	43.0	65.0	7.0	43.0	72.0	4.0	11.0	6.0	20.0	
37	34_U	IIBvCv1	90					4.2	uS - schluffiger Sand					schwach humos (1-2%)		0.0	kein (0%)		locker		kalkfrei bis kalkarm (<0.5%)		Kohärentgefüge	100																		1.5	0.0	Ld2	1.3	325.0	8.0	4.9	66.0	94.0	20.0	66.0	114.0	40.0	7.0	4.0	30.0	
37	34_U	IIBvCv2	110					4.5	uS - schluffiger Sand					sehr schwach humos (< 1%)		0.0	kein (0%)		locker		kalkfrei bis kalkarm (<0.5%)		Kohärentgefüge	100																		0.5	0.0	Ld2	1.3	260.0	7.0	1.3	52.0	72.0	19.0	52.0	91.0	40.0	5.0	3.0	40.0	
37	34_U	IIBvCv3	125					4.5	uS - schluffiger Sand					sehr schwach humos (< 1%)		0.0	kein (0%)		locker		kalkfrei bis kalkarm (<0.5%)		Kohärentgefüge	100																		0.5	0.0	Ld2	1.3	195.0	5.0	1.0	39.0	54.0	14.0	39.0	68.0	40.0	5.0	3.0	40.0	
37	34_U	IIICu1	145					4.7	S - Sand					sehr schwach humos (< 1%)		60.0	sehr hoch (40 bis <80%)		locker		kalkfrei bis kalkarm (<0.5%)		Einzelkorn	100																		0.5	60.0	Ld2	1.3	104.0	3.0	0.5	13.0	18.0	15.0	13.0	34.0	300.0	4.0	2.0	40.0	
37	34_U	IIICu2	160					4.7	S - Sand					humusfrei (0%)		70.0	sehr hoch (40 bis <80%)		locker		kalkfrei bis kalkarm (<0.5%)		Einzelkorn	100																		0.0	70.0	Ld2	1.3	59.0	1.0	0.0	7.0	10.0	11.0	7.0	19.0	300.0	3.0	2.0	40.0	
37	34_U	IVCu3	175					5.9	S - Sand					humusfrei (0%)		90.0	vorwiegend (über 80%)		locker		kalkfrei bis kalkarm (<0.5%)		Einzelkorn	100																		0.0	90.0	Ld2	1.3	20.0	1.0	0.0	2.0	3.0	4.0	2.0	6.0	300.0	3.0	2.0	70.0	
38	35_U	Ah	1					4.8	uS - schluffiger Sand					sehr stark humos (8-15%)		0.0	kein (0%)		sehr locker		kalkfrei bis kalkarm (<0.5%)		Einzelkorn	80																		12.5	0.0	Ld1	1.0	10.0	0.0	1.3	3.0	5.0	1.0	3.0	5.0	40.0	29.0	15.0	50.0	
38	35_U	Bv	25					4.3	uS - schluffiger Sand					mittel humos (2-4%)		10.0	gering (0 bis <10%)		mittel		kalkfrei bis kalkarm (<0.5%)		Subpolyeder	70																		3.0	10.0	Ld3	1.55	335.0	8.0	10.1	52.0	72.0	13.0	52.0	85.0	20.0	10.0	5.0	30.0	
38	35_U	BvCv1	40					4.4	sU - sandiger Schluff					humusfrei (0%)		80.0	sehr hoch (40 bis <80%)		sehr dicht		kalkfrei bis kalkarm (<0.5%)		Kohärentgefüge	100																		0.0	80.0	Ld5	2.0	60.0	5.0	0.0	6.0	9.0	8.0	6.0	10.0	300.0	8.0	4.0	30.0	
38	35_U	(II)BvCv2	55					5.1	lS - lehmiger Sand					humusfrei (0%)		80.0	sehr hoch (40 bis <80%)		sehr dicht		kalkfrei bis kalkarm (<0.5%)		Kohärentgefüge	100																		0.0	80.0	Ld5	2.0	60.0	6.0	0.0	5.0	8.0	8.0	5.0	10.0	300.0	7.0	5.0	60.0	
38	35_U	IIBvCv3	70					5.7	lS - lehmiger Sand					humusfrei (0%)		50.0	sehr hoch (40 bis <80%)		sehr dicht		kalkfrei bis kalkarm (<0.5%)		Einzelkorn	40																		0.0	50.0	Ld5	2.0	150.0	15.0	0.0	14.0	21.0	4.0	14.0	24.0	11.0	7.0	5.0	70.0	
39	36_U	Ahe	5					4.8	uS - schluffiger Sand					sehr stark humos (8-15%)		5.0	gering (0 bis <10%)		sehr locker		kalkfrei bis kalkarm (<0.5%)		Einzelkorn	80																		12.5	5.0	Ld1	1.0	48.0	1.0	6.0	14.0	22.0	5.0	14.0	22.0	40.0	29.0	15.0	50.0	
39	36_U	Bv1	30					3.9	sU - sandiger Schluff					mittel humos (2-4%)		20.0	mäßig (10 bis <20%)		sehr locker		kalkfrei bis kalkarm (<0.5%)		Einzelkorn	50																		3.0	20.0	Ld1	1.0	200.0	15.0	6.0	54.0	85.0	20.0	54.0	105.0	32.0	14.0	4.0	20.0	
39	36_U	BvCv1	50					4.0	lS - lehmiger Sand					schwach humos (1-2%)		50.0	sehr hoch (40 bis <80%)		locker		kalkfrei bis kalkarm (<0.5%)		Einzelkorn	60																		1.5	50.0	Ld2	1.3	130.0	13.0	2.0	26.0	37.0	10.0	26.0	47.0	45.0	10.0	5.0	20.0	
39	36_U	BvCv2	70					4.1	lS - lehmiger Sand					humusfrei (0%)		70.0	sehr hoch (40 bis <80%)		locker		kalkfrei bis kalkarm (<0.5%)		Einzelkorn	60																		0.0	70.0	Ld2	1.3	78.0	8.0	0.0	15.0	21.0	15.0	15.0	27.0	300.0	7.0	4.0	20.0	
39	36_U	Cv1	110					4.3	lS - lehmiger Sand					humusfrei (0%)		80.0	sehr hoch (40 bis <80%)		dicht		kalkfrei bis kalkarm (<0.5%)		Einzelkorn	60																		0.0	80.0	Ld4	1.8	144.0	14.0	0.0	14.0	22.0	20.0	14.0	26.0	300.0	7.0	4.0	30.0	
39	36_U	Cv2	120					4.3	lS - lehmiger Sand					humusfrei (0%)		90.0	vorwiegend (über 80%)		dicht		kalkfrei bis kalkarm (<0.5%)		Einzelkorn	60																		0.0	90.0	Ld4	1.8	18.0	2.0	0.0	2.0	3.0	3.0	2.0	3.0	300.0	7.0	4.0	30.0	
40	37_U	Ahe	2						sU - sandiger Schluff					sehr stark humos (8-15%)		5.0	gering (0 bis <10%)		sehr locker		kalkfrei bis kalkarm (<0.5%)		Einzelkorn	50																		12.5	5.0	Ld1	1.0	19.0	1.0	2.4	6.0	9.0	3.0	6.0	9.0	32.0	33.0			
40	37_U	Bv	20						lS - lehmiger Sand					mittel humos (2-4%)		5.0	gering (0 bis <10%)		locker		kalkfrei bis kalkarm (<0.5%)		Kohärentgefüge	100																		3.0	5.0	Ld2	1.3	222.0	22.0	6.7	44.0	67.0	19.0	44.0	86.0	45.0	13.0			
40	37_U	(II)BvCv1	45						lS - lehmiger Sand					humusfrei (0%)		70.0	sehr hoch (40 bis <80%)		locker		kalkfrei bis kalkarm (<0.5%)		Subpolyeder	70																		0.0	70.0	Ld2	1.3	98.0	10.0	0.0	19.0	27.0	19.0	19.0	34.0	300.0	7.0			
40	37_U	(II)BvCv2	70						lS - lehmiger Sand					humusfrei (0%)		80.0	sehr hoch (40 bis <80%)		dicht		kalkfrei bis kalkarm (<0.5%)		Einzelkorn	60																		0.0	80.0	Ld4	1.8	90.0	9.0	0.0	9.0	14.0	13.0	9.0	16.0	300.0	7.0			
40	37_U	IIICv1	90						lS - lehmiger Sand					humusfrei (0%)		90.0	vorwiegend (über 80%)		sehr dicht		kalkfrei bis kalkarm (<0.5%)		Einzelkorn	70																		0.0	90.0	Ld5	2.0	40.0	4.0	0.0	4.0	6.0	5.0	4.0	7.0	300.0	7.0			
40	37_U	IIICv2	95						S - Sand					humusfrei (0%)		90.0	vorwiegend (über 80%)		sehr dicht		kalkfrei bis kalkarm (<0.5%)		Einzelkorn	70																		0.0	90.0	Ld5	2.0	10.0	0.0	0.0	1.0	1.0	1.0	1.0	2.0	300.0	3.0			
41	38_U	Ah	5					3.9	uS - schluffiger Sand					sehr stark humos (8-15%)		0.0	kein (0%)		sehr locker		kalkfrei bis kalkarm (<0.5%)		Einzelkorn	100																		12.5	0.0	Ld1	1.0	50.0	1.0	6.3	15.0	23.0	5.0	15.0	23.0	40.0	29.0	9.0	20.0	
41	38_U	Bv1	30					3.9	lS - lehmiger Sand					mittel humos (2-4%)		5.0	gering (0 bis <10%)		mittel		kalkfrei bis kalkarm (<0.5%)		Einzelkorn	50																		3.0	5.0	Ld3	1.55	368.0	37.0	11.0	52.0	81.0	20.0	52.0	101.0	20.0	13.0	4.0	20.0	
41	38_U	Bv2	60					3.9	lS - lehmiger Sand					humusfrei (0%)		60.0	sehr hoch (40 bis <80%)		dicht		kalkfrei bis kalkarm (<0.5%)		Subpolyeder	70																		0.0	60.0	Ld4	1.8	216.0	22.0	0.0	22.0	33.0	6.0	22.0	39.0	300.0	7.0	2.0	20.0	
41	38_U	BvCv3	75					4.1	lS - lehmiger Sand					humusfrei (0%)		70.0	sehr hoch (40 bis <80%)		dicht		kalkfrei bis kalkarm (<0.5%)		Einzelkorn	50																		0.0	70.0	Ld4	1.8	81.0	8.0	0.0	8.0	12.0	11.0	8.0	15.0	300.0	7.0	4.0	20.0	
41	38_U	Cv	100					4.5	lS - lehmiger Sand					humusfrei (0%)		90.0	vorwiegend (über 80%)		sehr dicht		kalkfrei bis kalkarm (<0.5%)		Einzelkorn	50																		0.0	90.0	Ld5	2.0	50.0	5.0	0.0	5.0	7.0	6.0	5.0	8.0	300.0	7.0	4.0	40.0	
42	39_U	Ah	1					3.8	uS - schluffiger Sand					anmoorig bzw. äußerst humos (15-30%)		0.0	kein (0%)		sehr locker		kalkfrei bis kalkarm (<0.5%)		Einzelkorn	100																		22.5	0.0	Ld1	1.0	10.0	0.0	2.3	4.0	6.0	1.0	4.0	7.0	40.0	49.0	15.0	20.0	
42	39_U	Ahe	2					3.8	uS - schluffiger Sand					humusfrei (0%)		0.0	kein (0%)		sehr locker		kalkfrei bis kalkarm (<0.5%)		Einzelkorn	100																		0.0	0.0	Ld1	1.0	10.0	0.0	0.0	3.0	4.0	1.0	3.0	5.0	40.0	4.0	1.0	20.0	
42	39_U	Bv	22					4.1	lS - lehmiger Sand					humusfrei (0%)		20.0	mäßig (10 bis <20%)		sehr locker		kalkfrei bis kalkarm (<0.5%)		Einzelkorn	90																		0.0	20.0	Ld1	1.0	160.0	16.0	0.0	40.0	57.0	16.0	40.0	73.0	45.0	7.0	4.0	20.0	
42	39_U	BvCv1	45					4.3	lS - lehmiger Sand					humusfrei (0%)		70.0	sehr hoch (40 bis <80%)		locker		kalkfrei bis kalkarm (<0.5%)		Einzelkorn	70																		0.0	70.0	Ld2	1.3	90.0	9.0	0.0	17.0	24.0	17.0	17.0	31.0	300.0	7.0	4.0	30.0	
42	39_U	BvCv2	70					4.5	uS - schluffiger Sand					humusfrei (0%)		70.0	sehr hoch (40 bis <80%)		locker		kalkfrei bis kalkarm (<0.5%)		Einzelkorn	70																		0.0	70.0	Ld2	1.3	98.0	2.0	0.0	20.0	27.0	19.0	20.0	34.0	300.0	4.0	2.0	40.0	
43	40_U	Ahb	4					3.5	uS - schluffiger Sand					anmoorig bzw. äußerst humos (15-30%)		0.0	kein (0%)		sehr locker		kalkfrei bis kalkarm (<0.5%)		Einzelkorn	100																		22.5	0.0	Ld1	1.0	40.0	1.0	9.0	15.0	22.0	2.0	17.0	29.0	40.0	49.0	15.0	10.0	
43	40_U	AhBv	20					4.0	sU - sandiger Schluff					anmoorig bzw. äußerst humos (15-30%)		70.0	sehr hoch (40 bis <80%)		locker		kalkfrei bis kalkarm (<0.5%)		Einzelkorn	80																		22.5	70.0	Ld2	1.3	62.0	5.0	14.0	18.0	27.0	12.0	30.0	35.0	300.0	53.0	27.0	20.0	
43	40_U	BvCv1	40					4.0	sU - sandiger Schluff					humusfrei (0%)		70.0	sehr hoch (40 bis <80%)		dicht		kalkfrei bis kalkarm (<0.5%)		Kohärentgefüge	100																		0.0	70.0	Ld4	1.8	108.0	8.0	0.0	13.0	19.0	15.0	28.0	20.0	300.0	8.0	4.0	20.0	
43	40_U	IIBvCv1	55					4.1	lS - lehmiger Sand					humusfrei (0%)		0.0	kein (0%)		dicht		kalkfrei bis kalkarm (<0.5%)		Kohärentgefüge	100																		0.0	0.0	Ld4	1.8	270.0	27.0	0.0	27.0	41.0	8.0	35.0	49.0	11.0	7.0	4.0	20.0	
43	40_U	IIICuv1	75					4.2	sU - sandiger Schluff					humusfrei (0%)		0.0	kein (0%)		sehr dicht		kalkfrei bis kalkarm (<0.5%)		Kohärentgefüge	100																		0.0	0.0	Ld5	2.0	400.0	30.0	0.0	42.0	62.0	6.0	48.0	68.0	4.0	8.0	4.0	30.0	
43	40_U	IIICuv2	100					3.9	sU - sandiger Schluff					humusfrei (0%)		0.0	kein (0%)		sehr dicht		kalkfrei bis kalkarm (<0.5%)		Kohärentgefüge	100																		0.0	0.0	Ld5	2.0	500.0	38.0	0.0	53.0	78.0	8.0	61.0	85.0	4.0	8.0	2.0	20.0	
44	41_U	Ahe	5					3.8	sU - sandiger Schluff					sehr stark humos (8-15%)		0.0	kein (0%)		sehr locker		kalkfrei bis kalkarm (<0.5%)		Einzelkorn	90																		12.5	0.0	Ld1	1.0	50.0	4.0	6.3	15.0	25.0	7.0	22.0	24.0	32.0	33.0	10.0	20.0	
44	41_U	Bhs	15					4.0	sU - sandiger Schluff					stark humos (4-8%)		10.0	gering (0 bis <10%)		locker		kalkfrei bis kalkarm (<0.5%)		Einzelkorn	60																		6.0	10.0	Ld2	1.3	117.0	9.0	7.0	27.0	42.0	10.0	37.0	53.0	32.0	20.0	10.0	20.0	
44	41_U	BvCv1	40					4.0	sU - sandiger Schluff					humusfrei (0%)		60.0	sehr hoch (40 bis <80%)		mittel		kalkfrei bis kalkarm (<0.5%)		Einzelkorn	60																		0.0	60.0	Ld3	1.55	155.0	12.0	0.0	24.0	34.0	6.0	30.0	39.0	300.0	8.0	4.0	20.0	
44	41_U	BvCv2	50					4.0	sU - sandiger Schluff					humusfrei (0%)		70.0	sehr hoch (40 bis <80%)		dicht		kalkfrei bis kalkarm (<0.5%)		Einzelkorn	60																		0.0	70.0	Ld4	1.8	54.0	4.0	0.0	6.0	9.0	8.0	14.0	10.0	300.0	8.0	4.0	20.0	
44	41_U	BvCv3	55					3.8	lS - lehmiger Sand					humusfrei (0%)		0.0	kein (0%)		mittel		kalkfrei bis kalkarm (<0.5%)		Einzelkorn	100																		0.0	0.0	Ld3	1.55	78.0	8.0	0.0	11.0	15.0	4.0	15.0	19.0	20.0	7.0	2.0	20.0	
45	42_U	Ahe	2					3.9	uS - schluffiger Sand					anmoorig bzw. äußerst humos (15-30%)		0.0	kein (0%)		sehr locker		kalkfrei bis kalkarm (<0.5%)		Einzelkorn	90																		22.5	0.0	Ld1	1.0	20.0	1.0	4.5	7.0	11.0	1.0	8.0	15.0	40.0	49.0	15.0	20.0	
45	42_U	Bv	15					4.0	sU - sandiger Schluff					humusfrei (0%)		15.0	mäßig (10 bis <20%)		mittel		kalkfrei bis kalkarm (<0.5%)		Einzelkorn	60																		0.0	15.0	Ld3	1.55	171.0	13.0	0.0	26.0	37.0	6.0	32.0	43.0	11.0	8.0	4.0	20.0	
45	42_U	BvCv1	30					4.1	sU - sandiger Schluff					humusfrei (0%)		80.0	sehr hoch (40 bis <80%)		dicht		kalkfrei bis kalkarm (<0.5%)		Einzelkorn	50																		0.0	80.0	Ld4	1.8	54.0	4.0	0.0	6.0	9.0	8.0	14.0	10.0	300.0	8.0	4.0	20.0	
45	42_U	BvCv2	60					4.2	uS - schluffiger Sand					humusfrei (0%)		70.0	sehr hoch (40 bis <80%)		dicht		kalkfrei bis kalkarm (<0.5%)		Einzelkorn	50																		0.0	70.0	Ld4	1.8	162.0	4.0	0.0	18.0	25.0	23.0	41.0	29.0	300.0	4.0	2.0	30.0	
45	42_U	IICuv	75					4.2	lS - lehmiger Sand					humusfrei (0%)		90.0	vorwiegend (über 80%)		sehr dicht		kalkfrei bis kalkarm (<0.5%)		Einzelkorn	50																		0.0	90.0	Ld5	2.0	30.0	3.0	0.0	3.0	4.0	4.0	7.0	5.0	300.0	7.0	4.0	30.0	
46	43_T	Ahb	10					6.8	U - Schluff					sehr stark humos (8-15%)		30.0	hoch (20 bis <40%)		sehr locker		kalkfrei bis kalkarm (<0.5%)		Krümel	70																		12.5	30.0	Ld1	1.0	70.0	7.0	8.8	21.0	34.0	10.0	21.0	33.0	300.0	35.0	32.0	90.0	
46	43_T	AhBv	27					7.1	U - Schluff					stark humos (4-8%)		35.0	hoch (20 bis <40%)		locker		schwach kalkhaltig (0.5 bis <1.5%)		Kohärentgefüge	50																		6.0	35.0	Ld2	1.3	144.0	14.0	8.6	33.0	51.0	12.0	33.0	65.0	27.0	22.0	22.0	95.0	
46	43_T	IIBvCv	55					7.7	sL - sandiger Lehm					humusfrei (0%)		70.0	sehr hoch (40 bis <80%)		mittel		stark kalkhaltig (>5%)		Einzelkorn	50																		0.0	70.0	Ld3	1.55	130.0	26.0	0.0	14.0	29.0	21.0	14.0	34.0	300.0	13.0	13.0	100.0	
46	43_T	IICv	100					7.5	sL - sandiger Lehm					humusfrei (0%)		90.0	vorwiegend (über 80%)		mittel		stark kalkhaltig (>5%)		Einzelkorn	50																		0.0	90.0	Ld3	1.55	70.0	14.0	0.0	8.0	15.0	11.0	8.0	18.0	300.0	13.0	13.0	100.0	
47	44_T	Ahb1	10					7.3	sU - sandiger Schluff					sehr stark humos (8-15%)		5.0	gering (0 bis <10%)		locker		stark kalkhaltig (>5%)		Krümel	60																		12.5	5.0	Ld2	1.3	124.0	9.0	15.5	29.0	47.0	13.0	42.0	45.0	300.0	33.0	33.0	95.0	
47	44_T	Ahb2	20					7.4	sU - sandiger Schluff					sehr stark humos (8-15%)		30.0	hoch (20 bis <40%)		mittel		stark kalkhaltig (>5%)		Krümel	60																		12.5	30.0	Ld3	1.55	109.0	8.0	13.6	20.0	30.0	8.0	28.0	27.0	11.0	33.0	33.0	95.0	
47	44_T	BvCv	40					7.4	sU - sandiger Schluff					stark humos (4-8%)		75.0	sehr hoch (40 bis <80%)		mittel		stark kalkhaltig (>5%)		Einzelkorn	100																		6.0	75.0	Ld3	1.55	78.0	6.0	4.7	14.0	21.0	13.0	27.0	25.0	300.0	20.0	20.0	95.0	
47	44_T	Cv	60					7.3	sU - sandiger Schluff					humusfrei (0%)		95.0	vorwiegend (über 80%)		mittel		stark kalkhaltig (>5%)		Einzelkorn	100																		0.0	95.0	Ld3	1.55	16.0	1.0	0.0	2.0	3.0	3.0	5.0	4.0	300.0	8.0	8.0	95.0	
48	45_T	Ah	20					7.2	sU - sandiger Schluff					mittel humos (2-4%)		80.0	sehr hoch (40 bis <80%)		locker		stark kalkhaltig (>5%)		Einzelkorn	70																		3.0	80.0	Ld2	1.3	52.0	4.0	1.6	11.0	17.0	10.0	11.0	21.0	300.0	14.0	14.0	95.0	
48	45_T	Cv	40					7.3	sU - sandiger Schluff					mittel humos (2-4%)		70.0	sehr hoch (40 bis <80%)		locker		stark kalkhaltig (>5%)		Einzelkorn	100																		3.0	70.0	Ld2	1.3	78.0	6.0	2.3	16.0	26.0	15.0	16.0	31.0	300.0	14.0	14.0	95.0	
48	45_T	C1	60					7.4	sU - sandiger Schluff					humusfrei (0%)		90.0	vorwiegend (über 80%)		locker		stark kalkhaltig (>5%)		Einzelkorn	100																		0.0	90.0	Ld2	1.3	26.0	2.0	0.0	5.0	8.0	5.0	5.0	10.0	300.0	8.0	8.0	95.0	
49	46_T	Ah	3					4.2	sU - sandiger Schluff					sehr stark humos (8-15%)		25.0	hoch (20 bis <40%)		sehr locker		kalkfrei bis kalkarm (<0.5%)		Einzelkorn	50																		12.5	25.0	Ld1	1.0	23.0	2.0	2.9	7.0	11.0	3.0	7.0	11.0	32.0	33.0	17.0	30.0	
49	46_T	Bv1	25					4.2	sU - sandiger Schluff					stark humos (4-8%)		25.0	hoch (20 bis <40%)		sehr locker		kalkfrei bis kalkarm (<0.5%)		Kohärentgefüge	100																		6.0	25.0	Ld1	1.0	165.0	12.0	9.9	49.0	77.0	18.0	49.0	97.0	32.0	20.0	10.0	30.0	
49	46_T	Bv2	45					4.0	sU - sandiger Schluff					humusfrei (0%)		25.0	hoch (20 bis <40%)		sehr locker		kalkfrei bis kalkarm (<0.5%)		Kohärentgefüge	100																		0.0	25.0	Ld1	1.0	150.0	11.0	0.0	39.0	58.0	13.0	39.0	71.0	32.0	8.0	4.0	20.0	
49	46_T	BvCv	70					4.0	sU - sandiger Schluff					humusfrei (0%)		70.0	sehr hoch (40 bis <80%)		locker		kalkfrei bis kalkarm (<0.5%)		Subpolyeder	70																		0.0	70.0	Ld2	1.3	98.0	7.0	0.0	20.0	29.0	19.0	20.0	36.0	300.0	8.0	4.0	20.0	
50	47_T	Ahb	2					7.2	lS - lehmiger Sand					stark humos (4-8%)		0.0	kein (0%)		sehr locker		stark kalkhaltig (>5%)		Einzelkorn	70																		6.0	0.0	Ld1	1.0	20.0	2.0	1.2	6.0	9.0	2.0	8.0	11.0	45.0	19.0	19.0	95.0	
50	47_T	Arig1	12					7.3	sL - sandiger Lehm					stark humos (4-8%)		65.0	sehr hoch (40 bis <80%)		sehr locker		stark kalkhaltig (>5%)		Einzelkorn	100																		6.0	65.0	Ld1	1.0	35.0	7.0	2.1	9.0	18.0	9.0	18.0	22.0	300.0	25.0	25.0	95.0	
50	47_T	Arig2	25					7.3	sL - sandiger Lehm					stark humos (4-8%)		90.0	vorwiegend (über 80%)		locker		stark kalkhaltig (>5%)		Einzelkorn	100																		6.0	90.0	Ld2	1.3	17.0	3.0	1.0	3.0	7.0	3.0	6.0	8.0	300.0	25.0	25.0	95.0	
50	47_T	Arig3	45					7.4	sL - sandiger Lehm					stark humos (4-8%)		70.0	sehr hoch (40 bis <80%)		locker		stark kalkhaltig (>5%)		Einzelkorn	100																		6.0	70.0	Ld2	1.3	78.0	16.0	4.7	16.0	31.0	15.0	31.0	38.0	300.0	25.0	25.0	95.0	
50	47_T	IIBvCv1	60					7.5	sL - sandiger Lehm					humusfrei (0%)		90.0	vorwiegend (über 80%)		dicht		stark kalkhaltig (>5%)		Kohärentgefüge	100																		0.0	90.0	Ld4	1.8	27.0	5.0	0.0	2.0	5.0	4.0	6.0	5.0	300.0	13.0	13.0	100.0	
50	47_T	IIBvCv2	90					7.4	sL - sandiger Lehm					humusfrei (0%)		80.0	sehr hoch (40 bis <80%)		dicht		stark kalkhaltig (>5%)		Kohärentgefüge	100																		0.0	80.0	Ld4	1.8	108.0	22.0	0.0	9.0	18.0	15.0	24.0	21.0	300.0	13.0	13.0	95.0	
50	47_T	IIIBvCv3	100					7.4	lS - lehmiger Sand					humusfrei (0%)		10.0	gering (0 bis <10%)		sehr locker		stark kalkhaltig (>5%)		Einzelkorn	100																		0.0	10.0	Ld1	1.0	90.0	9.0	0.0	23.0	32.0	9.0	32.0	41.0	45.0	7.0	7.0	95.0	
50	47_T	IVBvCv4	120					7.4	sL - sandiger Lehm					humusfrei (0%)		90.0	vorwiegend (über 80%)		dicht		stark kalkhaltig (>5%)		Einzelkorn	100																		0.0	90.0	Ld4	1.8	36.0	7.0	0.0	3.0	6.0	5.0	8.0	7.0	300.0	13.0	13.0	95.0	
51	48_T	Ahb1	30					7.6	uL - schluffiger Lehm					sehr stark humos (8-15%)		70.0	sehr hoch (40 bis <80%)		locker		stark kalkhaltig (>5%)		Einzelkorn	80																		12.5	70.0	Ld2	1.3	117.0	35.0	14.6	25.0	54.0	23.0	25.0	49.0	300.0	43.0	43.0	100.0	
51	48_T	Ahb2	45					7.6	sL - sandiger Lehm					stark humos (4-8%)		90.0	vorwiegend (über 80%)		locker		stark kalkhaltig (>5%)		Einzelkorn	80																		6.0	90.0	Ld2	1.3	20.0	4.0	1.2	4.0	8.0	4.0	4.0	9.0	300.0	25.0	25.0	100.0	
51	48_T	BvCv	70					7.7	sL - sandiger Lehm					humusfrei (0%)		90.0	vorwiegend (über 80%)		locker		stark kalkhaltig (>5%)		Einzelkorn	100																		0.0	90.0	Ld2	1.3	33.0	7.0	0.0	6.0	10.0	6.0	6.0	12.0	300.0	13.0	13.0	100.0	
51	48_T	(II)Cv1	100					7.7	sL - sandiger Lehm					humusfrei (0%)		90.0	vorwiegend (über 80%)		locker		stark kalkhaltig (>5%)		Einzelkorn	100																		0.0	90.0	Ld2	1.3	39.0	8.0	0.0	7.0	12.0	8.0	7.0	15.0	300.0	13.0	13.0	100.0	
51	48_T	(II)Cv2	115					7.7	sL - sandiger Lehm					humusfrei (0%)		90.0	vorwiegend (über 80%)		locker		stark kalkhaltig (>5%)		Einzelkorn	100																		0.0	90.0	Ld2	1.3	20.0	4.0	0.0	3.0	6.0	4.0	3.0	7.0	300.0	13.0	13.0	100.0	
51	48_T	(II)C	130					7.8	sL - sandiger Lehm					humusfrei (0%)		90.0	vorwiegend (über 80%)		locker		stark kalkhaltig (>5%)		Einzelkorn	100																		0.0	90.0	Ld2	1.3	20.0	4.0	0.0	3.0	6.0	4.0	3.0	7.0	300.0	13.0	13.0	100.0	
52	49_T	Ahb1	5					7.2	U - Schluff					sehr stark humos (8-15%)		20.0	mäßig (10 bis <20%)		locker		kalkfrei bis kalkarm (<0.5%)		Einzelkorn	50																		12.5	20.0	Ld2	1.3	52.0	5.0	6.5	12.0	20.0	6.0	12.0	19.0	27.0	35.0	35.0	95.0	
52	49_T	Ahb2	25					7.2	uL - schluffiger Lehm					sehr stark humos (8-15%)		40.0	hoch (20 bis <40%)		mittel		kalkfrei bis kalkarm (<0.5%)		Einzelkorn	50																		12.5	40.0	Ld3	1.55	186.0	56.0	23.3	28.0	62.0	13.0	28.0	53.0	19.0	43.0	43.0	95.0	
52	49_T	(II)AC1	45					7.5	uL - schluffiger Lehm					mittel humos (2-4%)		75.0	sehr hoch (40 bis <80%)		mittel		stark kalkhaltig (>5%)		Einzelkorn	50																		3.0	75.0	Ld3	1.55	78.0	23.0	2.3	9.0	21.0	13.0	9.0	25.0	300.0	24.0	24.0	100.0	
52	49_T	(II)AC2	60					7.3	uL - schluffiger Lehm					mittel humos (2-4%)		90.0	vorwiegend (über 80%)		mittel		mäßig kalkhaltig (1.5 bis 5%)		Einzelkorn	50																		3.0	90.0	Ld3	1.55	23.0	7.0	0.7	3.0	6.0	4.0	3.0	7.0	300.0	24.0	24.0	95.0	
53	50_T	Ahb	2					4.8	sU - sandiger Schluff					sehr stark humos (8-15%)		0.0	kein (0%)		sehr locker		kalkfrei bis kalkarm (<0.5%)		Einzelkorn	100																		12.5	0.0	Ld1	1.0	20.0	2.0	2.5	6.0	10.0	3.0	6.0	10.0	32.0	33.0	17.0	50.0	
53	50_T	Bv	20					4.0	sU - sandiger Schluff					stark humos (4-8%)		5.0	gering (0 bis <10%)		sehr locker		schwach kalkhaltig (0.5 bis <1.5%)		Einzelkorn	100																		6.0	5.0	Ld1	1.0	171.0	13.0	10.3	50.0	80.0	19.0	50.0	101.0	32.0	20.0	10.0	20.0	
53	50_T	BvCv	40					4.2	sU - sandiger Schluff					humusfrei (0%)		15.0	mäßig (10 bis <20%)		mittel		kalkfrei bis kalkarm (<0.5%)		Kohärentgefüge	100																		0.0	15.0	Ld3	1.55	264.0	20.0	0.0	40.0	57.0	9.0	40.0	66.0	11.0	8.0	4.0	30.0	
53	50_T	(II)Cv	50					4.4	sU - sandiger Schluff					humusfrei (0%)		80.0	sehr hoch (40 bis <80%)		mittel		kalkfrei bis kalkarm (<0.5%)		Einzelkorn	100																		0.0	80.0	Ld3	1.55	31.0	2.0	0.0	5.0	7.0	5.0	5.0	8.0	300.0	8.0	4.0	30.0	
53	50_T	IIICu	65					6.7	lU - lehmiger Schluff					humusfrei (0%)		90.0	vorwiegend (über 80%)		mittel		kalkfrei bis kalkarm (<0.5%)		Einzelkorn	100																		0.0	90.0	Ld3	1.55	23.0	5.0	0.0	3.0	5.0	4.0	3.0	6.0	300.0	14.0	13.0	90.0	
54	51_T	Ai	1					4.5	sU - sandiger Schluff					stark humos (4-8%)		0.0	kein (0%)		mittel		kalkfrei bis kalkarm (<0.5%)		Einzelkorn	100																		6.0	0.0	Ld3	1.55	16.0	1.0	1.0	3.0	4.0	1.0	3.0	5.0	11.0	20.0	10.0	40.0	
54	51_T	Bv	20					4.5	sU - sandiger Schluff					stark humos (4-8%)		15.0	mäßig (10 bis <20%)		sehr dicht		kalkfrei bis kalkarm (<0.5%)		Einzelkorn	100																		6.0	15.0	Ld5	2.0	323.0	24.0	19.4	40.0	62.0	9.0	40.0	73.0	4.0	20.0	10.0	40.0	
54	51_T	(II)CV	30					6.8	uL - schluffiger Lehm					humusfrei (0%)		95.0	vorwiegend (über 80%)		sehr dicht		kalkfrei bis kalkarm (<0.5%)		Einzelkorn	100																		0.0	95.0	Ld5	2.0	10.0	3.0	0.0	1.0	2.0	1.0	1.0	2.0	300.0	18.0	16.0	90.0	
55	52_T	Ahb	15					7.1	sU - sandiger Schluff					anmoorig bzw. äußerst humos (15-30%)		60.0	sehr hoch (40 bis <80%)		locker		schwach kalkhaltig (0.5 bis <1.5%)		Einzelkorn	50																		22.5	60.0	Ld2	1.3	78.0	6.0	17.6	22.0	34.0	4.0	22.0	44.0	300.0	53.0	53.0	95.0	
55	52_T	AhCv	25					7.6	uL - schluffiger Lehm					sehr stark humos (8-15%)		85.0	vorwiegend (über 80%)		mittel		stark kalkhaltig (>5%)		Subpolyeder	70																		12.5	85.0	Ld3	1.55	23.0	7.0	2.9	3.0	8.0	4.0	3.0	7.0	300.0	43.0	43.0	100.0	
55	52_T	Cv	35					7.7	uL - schluffiger Lehm					humusfrei (0%)		95.0	vorwiegend (über 80%)		mittel		stark kalkhaltig (>5%)		Einzelkorn	100																		0.0	95.0	Ld3	1.55	8.0	2.0	0.0	1.0	2.0	1.0	1.0	2.0	300.0	18.0	18.0	100.0	
56	53_T	AhCv	10					6.5	lU - lehmiger Schluff					stark humos (4-8%)		70.0	sehr hoch (40 bis <80%)		dicht		kalkfrei bis kalkarm (<0.5%)		Kohärentgefüge	100																		6.0	70.0	Ld4	1.8	54.0	11.0	3.2	6.0	13.0	8.0	6.0	15.0	300.0	26.0	23.0	90.0	
56	53_T	Cv	20					7.1	lU - lehmiger Schluff					humusfrei (0%)		95.0	vorwiegend (über 80%)		dicht		kalkfrei bis kalkarm (<0.5%)		Einzelkorn	100																		0.0	95.0	Ld4	1.8	9.0	2.0	0.0	1.0	2.0	1.0	1.0	2.0	300.0	14.0	14.0	95.0	
57	55_T	Ah	15					5.3	sU - sandiger Schluff					mittel humos (2-4%)		5.0	gering (0 bis <10%)		mittel		kalkfrei bis kalkarm (<0.5%)		Kohärentgefüge	100																		3.0	5.0	Ld3	1.55	221.0	17.0	6.6	35.0	53.0	10.0	35.0	63.0	11.0	14.0	10.0	60.0	
57	55_T	Bv	30					6.1	sU - sandiger Schluff					humusfrei (0%)		10.0	gering (0 bis <10%)		sehr dicht		kalkfrei bis kalkarm (<0.5%)		Kohärentgefüge	100																		0.0	10.0	Ld5	2.0	270.0	20.0	0.0	28.0	42.0	4.0	28.0	46.0	4.0	8.0	7.0	80.0	
57	55_T	(II)BvCv1	52					6.3	sL - sandiger Lehm					humusfrei (0%)		60.0	sehr hoch (40 bis <80%)		sehr dicht		kalkfrei bis kalkarm (<0.5%)		Kohärentgefüge	100																		0.0	60.0	Ld5	2.0	176.0	35.0	0.0	13.0	27.0	4.0	13.0	31.0	300.0	13.0	12.0	80.0	
57	55_T	(II)BvCv2	70					7.0	sL - sandiger Lehm					humusfrei (0%)		85.0	vorwiegend (über 80%)		sehr dicht		kalkfrei bis kalkarm (<0.5%)		Kohärentgefüge	100																		0.0	85.0	Ld5	2.0	54.0	11.0	0.0	4.0	8.0	7.0	4.0	10.0	300.0	13.0	13.0	95.0	
58	56_T	Ahb	3					5.6	sU - sandiger Schluff					sehr stark humos (8-15%)		30.0	hoch (20 bis <40%)		locker		schwach kalkhaltig (0.5 bis <1.5%)		Einzelkorn	50																		12.5	30.0	Ld2	1.3	27.0	2.0	3.4	6.0	10.0	3.0	6.0	10.0	32.0	33.0	23.0	70.0	
58	56_T	Bv	25					5.1	sU - sandiger Schluff					mittel humos (2-4%)		30.0	hoch (20 bis <40%)		dicht		kalkfrei bis kalkarm (<0.5%)		Kohärentgefüge	100																		3.0	30.0	Ld4	1.8	277.0	21.0	8.3	34.0	53.0	7.0	34.0	60.0	4.0	14.0	10.0	60.0	
58	56_T	IIBvCv	40					6.1	sL - sandiger Lehm					humusfrei (0%)		40.0	hoch (20 bis <40%)		sehr dicht		kalkfrei bis kalkarm (<0.5%)		Kohärentgefüge	100																		0.0	40.0	Ld5	2.0	180.0	36.0	0.0	13.0	27.0	5.0	13.0	32.0	8.0	13.0	12.0	80.0	
58	56_T	IICv	60					6.7	sL - sandiger Lehm					humusfrei (0%)		90.0	vorwiegend (über 80%)		sehr dicht		kalkfrei bis kalkarm (<0.5%)		Einzelkorn	50																		0.0	90.0	Ld5	2.0	40.0	8.0	0.0	3.0	6.0	5.0	3.0	7.0	300.0	13.0	12.0	90.0	
59	57_T	Ah	10					3.7	sU - sandiger Schluff					stark humos (4-8%)		40.0	hoch (20 bis <40%)		locker		kalkfrei bis kalkarm (<0.5%)		Kohärentgefüge	100																		6.0	40.0	Ld2	1.3	78.0	6.0	4.7	18.0	28.0	7.0	18.0	35.0	32.0	20.0	6.0	10.0	
59	57_T	Bv	25					3.7	sU - sandiger Schluff					stark humos (4-8%)		40.0	hoch (20 bis <40%)		mittel		kalkfrei bis kalkarm (<0.5%)		Kohärentgefüge	100																		6.0	40.0	Ld3	1.55	140.0	11.0	8.4	24.0	37.0	7.0	24.0	45.0	11.0	20.0	6.0	10.0	
59	57_T	BvCv	50					3.8	sU - sandiger Schluff					humusfrei (0%)		60.0	sehr hoch (40 bis <80%)		sehr dicht		kalkfrei bis kalkarm (<0.5%)		Kohärentgefüge	100																		0.0	60.0	Ld5	2.0	200.0	15.0	0.0	21.0	31.0	3.0	21.0	34.0	300.0	8.0	2.0	20.0	
59	57_T	IICv	70					3.7	sU - sandiger Schluff					humusfrei (0%)		80.0	sehr hoch (40 bis <80%)		sehr dicht		kalkfrei bis kalkarm (<0.5%)		Kohärentgefüge	100																		0.0	80.0	Ld5	2.0	80.0	6.0	0.0	8.0	12.0	10.0	8.0	14.0	300.0	8.0	2.0	10.0	
60	58_T	Ai	1					4.4	lS - lehmiger Sand					mittel humos (2-4%)		0.0	kein (0%)		locker		kalkfrei bis kalkarm (<0.5%)		Einzelkorn	70																		3.0	0.0	Ld2	1.3	13.0	1.0	0.4	3.0	4.0	1.0	3.0	5.0	45.0	13.0	7.0	30.0	
60	58_T	Cv1	15					4.4	lS - lehmiger Sand					mittel humos (2-4%)		70.0	sehr hoch (40 bis <80%)		mittel		kalkfrei bis kalkarm (<0.5%)		Einzelkorn	70																		3.0	70.0	Ld3	1.55	65.0	7.0	2.0	9.0	14.0	11.0	9.0	18.0	300.0	13.0	7.0	30.0	
60	58_T	Cv2	40					4.1	lS - lehmiger Sand					humusfrei (0%)		90.0	vorwiegend (über 80%)		mittel		kalkfrei bis kalkarm (<0.5%)		Einzelkorn	100																		0.0	90.0	Ld3	1.55	39.0	4.0	0.0	5.0	8.0	6.0	5.0	10.0	300.0	7.0	4.0	20.0	
